{"cameraMode":{"drawMode":0,"name":"Shaded","section":"Shading Mode"},"sceneLighting":true,"audioPlay":false,"sceneViewState":{"showFog":true,"showMaterialUpdate":true,"showSkybox":true,"showFlares":true,"showImageEffects":true,"showParticleSystems":true},"in2DMode":false,"pivot":{"x":1.0779352188110352,"y":-3.3112258911132814,"z":-1.5824371576309205},"rotation":{"x":0.1053001806139946,"y":0.8946922421455383,"z":-0.3076998293399811,"w":0.30620038509368899},"size":10.05673885345459,"orthographic":false}